Month_Number,Predicted_Units_Sold
7,196.66666666666663
8,208.8095238095238
9,220.9523809523809
